fuel,total,std_error
cufeetng,39629220952.88672,1032082304
gallonfo,3380928420.90625,288820928
gallonlp,3951633232.945313,492229504
kwh,1267235125943.75,13729670144
